Workbook

Sheet Read Me - Methodology
A1: FemaSeed U.S. Territory Plan — v1 (Workload-Based Model)
A2: THE HEADLINE: 28 reps is the right size — the data confirms it.
A3: Target universe = prescribers with ovulation-induction volume >=5 (demonstrated repeat fertility behavior): 8,757 HCPs. At 28 reps that is 313 target HCPs per rep — inside the 275-325 workload band — and ~78 priority (>=10) clinics per rep, inside the 65-80 band. Two independent workload axes both land in band at exactly 28. The workload-based method and the 28-territory ask agree.
A4: TIERS: T1 = vol >=20 (1,476 HCPs) | T2 = 10-19 (2,925) | T3 = 5-9 (4,356). Field plan built on T1-T3.
A5: DECISIONS LOCKED IN THIS VERSION (all adjustable):
A6: 1. Universe: >=5 volume. Scenario tab shows implied org size at other cuts.
A7: 2. Building block: STATE. Multi-rep states (TX 3, CA 2) carry the split internally; drawing metro boundaries inside a state requires clinic addresses (see Phase 2). No geography invented.
A8: 3. Classification: locked v3 (clinic/physicians/associates removed; UWH routed academic). Every number reconciles to the approved Data Request waterfall: ALL 18,406 | >=10 4,401 | Private >=10 2,883 — exact matches. Puerto Rico excluded (matches Data Request universe).
A9: 4. Scoring weights (from the methodology thread): Target HCPs 40% / Clinics 25% / Fertility volume 15% / Women 25-39 10% / Income 5% / Education 5%. The three demographic components (20%) require the national ZIP census files, which are not yet appended — weights renormalized to HCPs 50% / Clinics 31.25% / Volume 18.75% for v1. Demographic slot is built; append shifts scores, not structure.
A10: VALIDATION vs the prior analysis (six pilot states, patients/HCPs):
A11: FL 6,638/1,107 (theirs 6,623/1,106) | NC 5,649/779 (5,651/781) | GA 5,391/683 (5,366/682) | TN 3,269/401 (3,278/402) | SC 2,825/364 (2,874/378) | AL 2,501/294 (2,508/297) — matches within ~1%.
A12: Their 18,652 rows vs our 18,522: minor filter delta in source versions; six-state agreement confirms same underlying data.
... A39: V4.1 — REP CAP CORRECTION (2026-07-22, per Rajiv): 28 reps is a HARD CAP; per-territory rep sizing (ROUND(All MDs/300)) and the largest-remainder 28-cap apportionment were removed as irrelevant. The Reps column on Territory Plan and the Kathy - ALL Universe tab now carry the original (v3) Territory Plan allocation — TX 3, CA-HI 2, all other territories 1 — totaling exactly 28, entered as adjustable inputs. At the ALL-MD universe this is ~657 MDs/rep on average; the plan functions as a prioritization model using the >=10 (4,401) and >=20 (1,476) tiers. Scoring, rankings, and hiring waves are unchanged by this correction (score does not depend on reps on the Territory Plan tab; the Kathy tab score, which weights per-rep loads, now reflects the 28-cap allocation).

Sheet Universe Scenarios
A1: Target Universe Definition | B1: HCPs | C1: Reps @300/rep | D1: HCPs/rep @28 reps | E1: In 275-325 band @28? | F1: Status (v4)
A2: All prescribers (any volume) | B2: 18405 | C2: =MAX(1,ROUND(B2/300,0)) -> 61 | D2: =ROUND(B2/28,0) -> 657 | E2: no | F2: SELECTED — v4 universe (Waterfall A rev1 canonical; v3 showed 18,406, see Read Me)
A3: Volume >=5 (v3 selection) | B3: 8757 | C3: =MAX(1,ROUND(B3/300,0)) -> 29 | D3: =ROUND(B3/28,0) -> 313 | E3: YES | F3: superseded in v4
A4: Volume >=10 | B4: 4401 | C4: =MAX(1,ROUND(B4/300,0)) -> 15 | D4: =ROUND(B4/28,0) -> 157 | E4: no
A5: Volume >=20 | B5: 1476 | C5: =MAX(1,ROUND(B5/300,0)) -> 5 | D5: =ROUND(B5/28,0) -> 53 | E5: no
A7: v3 note (retained): 'The >=5 universe is the only definition where 28 reps lands inside the industry workload band.' v4 selects ALL prescribers per Megan/CEO direction. Rep count is a HARD CAP of 28 (~657 MDs/rep at this universe); the 'Reps @300/rep' column is scenario context only, not a staffing proposal. The 28 are allocated per the original Territory Plan (see Territory Plan tab).

Sheet State Market Summary
A1: Source: Waterfall A rev1 (canonical). MDs = All MDs headline. NV Private All MDs derived as Total - Academic (source shows 304, inconsistent with its own totals; see Read Me).
B2: TOTAL | H2: PRIVATE | N2: ACADEMIC/GROUP
A3: State | B3: All MDs | C3: All Clinics | D3: MDs >=10 | E3: Clinics >=10 | F3: MDs >=20 | G3: Clinics >=20 | H3: All MDs | I3: All Clinics | J3: MDs >=10 | K3: Clinics >=10 | L3: MDs >=20 | M3: Clinics >=20 | N3: All MDs | O3: All Clinics | P3: MDs >=10 | Q3: Clinics >=10 | R3: MDs >=20 | S3: Clinics >=20 | T3: Territory
A4: AK | B4: 50 | C4: 25 | D4: 14 | E4: 10 | F4: 8 | G4: 7 | H4: 37 | I4: 17 | J4: 14 | K4: 10 | L4: 8 | M4: 7 | N4: 13 | O4: 8 | P4: 0 | Q4: 0 | R4: 0 | S4: 0 | T4: T12
A5: AL | B5: 294 | C5: 113 | D5: 95 | E5: 55 | F5: 28 | G5: 22 | H5: 236 | I5: 90 | J5: 81 | K5: 46 | L5: 22 | M5: 18 | N5: 58 | O5: 23 | P5: 14 | Q5: 9 | R5: 6 | S5: 4 | T5: T18
A6: AR | B6: 180 | C6: 64 | D6: 80 | E6: 39 | F6: 30 | G6: 20 | H6: 116 | I6: 42 | J6: 60 | K6: 26 | L6: 23 | M6: 14 | N6: 64 | O6: 22 | P6: 20 | Q6: 13 | R6: 7 | S6: 6 | T6: T19
A7: AZ | B7: 273 | C7: 107 | D7: 51 | E7: 27 | F7: 19 | G7: 16 | H7: 189 | I7: 70 | J7: 40 | K7: 21 | L7: 14 | M7: 12 | N7: 84 | O7: 37 | P7: 11 | Q7: 6 | R7: 5 | S7: 4 | T7: T15
A8: CA | B8: 1499 | C8: 648 | D8: 306 | E8: 195 | F8: 106 | G8: 90 | H8: 686 | I8: 394 | J8: 147 | K8: 110 | L8: 51 | M8: 46 | N8: 813 | O8: 254 | P8: 159 | Q8: 85 | R8: 55 | S8: 44 | T8: T02
A9: CO | B9: 352 | C9: 107 | D9: 82 | E9: 37 | F9: 24 | G9: 16 | H9: 205 | I9: 57 | J9: 56 | K9: 21 | L9: 21 | M9: 13 | N9: 147 | O9: 50 | P9: 26 | Q9: 16 | R9: 3 | S9: 3 | T9: T16
A10: CT | B10: 254 | C10: 57 | D10: 32 | E10: 14 | F10: 6 | G10: 6 | H10: 175 | I10: 26 | J10: 24 | K10: 7 | L10: 4 | M10: 4 | N10: 79 | O10: 31 | P10: 8 | Q10: 7 | R10: 2 | S10: 2 | T10: T08
A11: DC | B11: 34 | C11: 16 | D11: 1 | E11: 1 | F11: 0 | G11: 0 | H11: 22 | I11: 9 | J11: 0 | K11: 0 | L11: 0 | M11: 0 | N11: 12 | O11: 7 | P11: 1 | Q11: 1 | R11: 0 | S11: 0 | T11: T22
A12: DE | B12: 28 | C12: 14 | D12: 2 | E12: 2 | F12: 1 | G12: 1 | H12: 25 | I12: 12 | J12: 1 | K12: 1 | L12: 1 | M12: 1 | N12: 3 | O12: 2 | P12: 1 | Q12: 1 | R12: 0 | S12: 0 | T12: T22
A13: FL | B13: 1107 | C13: 273 | D13: 159 | E13: 67 | F13: 46 | G13: 32 | H13: 829 | I13: 153 | J13: 120 | K13: 40 | L13: 33 | M13: 21 | N13: 278 | O13: 120 | P13: 39 | Q13: 27 | R13: 13 | S13: 11 | T13: T05
A14: GA | B14: 683 | C14: 220 | D14: 185 | E14: 86 | F14: 63 | G14: 36 | H14: 561 | I14: 171 | J14: 163 | K14: 74 | L14: 59 | M14: 33 | N14: 122 | O14: 49 | P14: 22 | Q14: 12 | R14: 4 | S14: 3 | T14: T11
A15: HI | B15: 80 | C15: 40 | D15: 19 | E15: 15 | F15: 11 | G15: 10 | H15: 36 | I15: 27 | J15: 12 | K15: 10 | L15: 8 | M15: 7 | N15: 44 | O15: 13 | P15: 7 | Q15: 5 | R15: 3 | S15: 3 | T15: T02
... A54: WY | B54: 39 | C54: 23 | D54: 7 | E54: 5 | F54: 0 | G54: 0 | H54: 17 | I54: 10 | J54: 5 | K54: 3 | L54: 0 | M54: 0 | N54: 22 | O54: 13 | P54: 2 | Q54: 2 | R54: 0 | S54: 0 | T54: T24
A55: TOTAL | B55: =SUM(B4:B54) -> 18405 | C55: =SUM(C4:C54) -> 5862 | D55: =SUM(D4:D54) -> 4401 | E55: =SUM(E4:E54) -> 2188 | F55: =SUM(F4:F54) -> 1476 | G55: =SUM(G4:G54) -> 1005 | H55: =SUM(H4:H54) -> 10775 | I55: =SUM(I4:I54) -> 3647 | ... S55: =SUM(S4:S54) -> 333

Sheet Territory Plan
A1: Territory | B1: States | C1: Anchor Markets | D1: All MDs | E1: All Clinics | F1: Reps (28 cap, v3 allocation — ADJUSTABLE) | G1: MDs per Rep | H1: Clinics per Rep | I1: Women 25-44 (v3) | J1: Wtd Income (v3) | K1: Score v4 | L1: Rank v4 | M1: Rank v3 | N1: Rank Change | O1: Hire Wave (v4)
A2: T01 | B2: TX | C2: Houston, Dallas, Austin | D2: =SUMIF('State Market Summary'!$T$4:$T$54,$A2,'State Market Summary'!$B$4:$B$54) -> 1660 | E2: =SUMIF('State Market Summary'!$T$4:$T$54,$A2,'State Market Summary'!$C$4:$C$54) -> 540 | F2: 3 | G2: =ROUND(D2/F2,0) -> 553 | H2: =ROUND(E2/F2,1) -> 180 | I2: 3090173 | J2: 78473 | K2: =ROUND((40*D2/MAX($D$2:$D$26)+25*E2/MAX($E$2:$E$26)+10*I2/MAX($I$2:$I$26)+10*J2/MAX($J$2:$J$26))/85*100,1) -> 89.1 | L2: =RANK(K2,$K$2:$K$26) -> 2 | M2: 1 | N2: =M2-L2 -> -1 | O2: =IF(L2<=7,1,IF(L2<=12,2,IF(L2<=19,3,4))) -> 1
A3: T02 | B3: CA-HI | C3: Sacramento, Los Angeles, San Diego | D3: =SUMIF('State Market Summary'!$T$4:$T$54,$A3,'State Market Summary'!$B$4:$B$54) -> 1579 | E3: =SUMIF('State Market Summary'!$T$4:$T$54,$A3,'State Market Summary'!$C$4:$C$54) -> 688 | F3: 2 | G3: =ROUND(D3/F3,0) -> 790 | H3: =ROUND(E3/F3,1) -> 344 | I3: 3819366 | J3: 97969 | K3: =ROUND((40*D3/MAX($D$2:$D$26)+25*E3/MAX($E$2:$E$26)+10*I3/MAX($I$2:$I$26)+10*J3/MAX($J$2:$J$26))/85*100,1) -> 97.7 | L3: =RANK(K3,$K$2:$K$26) -> 1 | M3: 2 | N3: =M3-L3 -> 1 | O3: =IF(L3<=7,1,IF(L3<=12,2,IF(L3<=19,3,4))) -> 1
A4: T03 | B4: NY | C4: New York, Brooklyn, Bronx | D4: =SUMIF('State Market Summary'!$T$4:$T$54,$A4,'State Market Summary'!$B$4:$B$54) -> 1030 | E4: =SUMIF('State Market Summary'!$T$4:$T$54,$A4,'State Market Summary'!$C$4:$C$54) -> 404 | F4: 1 | G4: =ROUND(D4/F4,0) -> 1030 | H4: =ROUND(E4/F4,1) -> 404 | I4: 1726412 | J4: 89542 | K4: =ROUND((40*D4/MAX($D$2:$D$26)+25*E4/MAX($E$2:$E$26)+10*I4/MAX($I$2:$I$26)+10*J4/MAX($J$2:$J$26))/85*100,1) -> 62.5 | L4: =RANK(K4,$K$2:$K$26) -> 3 | M4: 3 | N4: =M4-L4 -> 0 | O4: =IF(L4<=7,1,IF(L4<=12,2,IF(L4<=19,3,4))) -> 1
A5: T04 | B5: OH | C5: Columbus, Cincinnati, Cleveland | D5: =SUMIF('State Market Summary'!$T$4:$T$54,$A5,'State Market Summary'!$B$4:$B$54) -> 795 | E5: =SUMIF('State Market Summary'!$T$4:$T$54,$A5,'State Market Summary'!$C$4:$C$54) -> 178 | F5: 1 | G5: =ROUND(D5/F5,0) -> 795 | H5: =ROUND(E5/F5,1) -> 178 | I5: 1089150 | J5: 71229 | K5: =ROUND((40*D5/MAX($D$2:$D$26)+25*E5/MAX($E$2:$E$26)+10*I5/MAX($I$2:$I$26)+10*J5/MAX($J$2:$J$26))/85*100,1) -> 42.1 | L5: =RANK(K5,$K$2:$K$26) -> 10 | M5: 4 | N5: =M5-L5 -> -6 | O5: =IF(L5<=7,1,IF(L5<=12,2,IF(L5<=19,3,4))) -> 2
A6: T05 | B6: FL | C6: Miami, Boca Raton, Tampa | D6: =SUMIF('State Market Summary'!$T$4:$T$54,$A6,'State Market Summary'!$B$4:$B$54) -> 1107 | E6: =SUMIF('State Market Summary'!$T$4:$T$54,$A6,'State Market Summary'!$C$4:$C$54) -> 273 | F6: 1 | G6: =ROUND(D6/F6,0) -> 1107 | H6: =ROUND(E6/F6,1) -> 273 | I6: 1780020 | J6: 71602 | K6: =ROUND((40*D6/MAX($D$2:$D$26)+25*E6/MAX($E$2:$E$26)+10*I6/MAX($I$2:$I$26)+10*J6/MAX($J$2:$J$26))/85*100,1) -> 57.1 | L6: =RANK(K6,$K$2:$K$26) -> 5 | M6: 5 | N6: =M6-L6 -> 0 | O6: =IF(L6<=7,1,IF(L6<=12,2,IF(L6<=19,3,4))) -> 1
A7: T06 | B7: PA-NJ | C7: Pittsburgh, Philadelphia, Voorhees | D7: =SUMIF('State Market Summary'!$T$4:$T$54,$A7,'State Market Summary'!$B$4:$B$54) -> 1035 | E7: =SUMIF('State Market Summary'!$T$4:$T$54,$A7,'State Market Summary'!$C$4:$C$54) -> 338 | F7: 1 | G7: =ROUND(D7/F7,0) -> 1035 | H7: =ROUND(E7/F7,1) -> 338 | I7: 1985432 | J7: 89604 | K7: =ROUND((40*D7/MAX($D$2:$D$26)+25*E7/MAX($E$2:$E$26)+10*I7/MAX($I$2:$I$26)+10*J7/MAX($J$2:$J$26))/85*100,1) -> 60.7 | L7: =RANK(K7,$K$2:$K$26) -> 4 | M7: 6 | N7: =M7-L7 -> 2 | O7: =IF(L7<=7,1,IF(L7<=12,2,IF(L7<=19,3,4))) -> 1
A8: T07 | B8: MI | C8: Royal Oak, Rochester, Ann Arbor | D8: =SUMIF('State Market Summary'!$T$4:$T$54,$A8,'State Market Summary'!$B$4:$B$54) -> 746 | E8: =SUMIF('State Market Summary'!$T$4:$T$54,$A8,'State Market Summary'!$C$4:$C$54) -> 207 | F8: 1 | G8: =ROUND(D8/F8,0) -> 746 | H8: =ROUND(E8/F8,1) -> 207 | I8: 910821 | J8: 72965 | K8: =ROUND((40*D8/MAX($D$2:$D$26)+25*E8/MAX($E$2:$E$26)+10*I8/MAX($I$2:$I$26)+10*J8/MAX($J$2:$J$26))/85*100,1) -> 41.6 | L8: =RANK(K8,$K$2:$K$26) -> 11 | M8: 7 | N8: =M8-L8 -> -4 | O8: =IF(L8<=7,1,IF(L8<=12,2,IF(L8<=19,3,4))) -> 2
A9: T08 | B9: MA-CT-NH-ME-VT-RI | C9: Boston, Rocky Hill, Scarborough | D9: =SUMIF('State Market Summary'!$T$4:$T$54,$A9,'State Market Summary'!$B$4:$B$54) -> 918 | E9: =SUMIF('State Market Summary'!$T$4:$T$54,$A9,'State Market Summary'!$C$4:$C$54) -> 279 | F9: 1 | G9: =ROUND(D9/F9,0) -> 918 | H9: =ROUND(E9/F9,1) -> 279 | I9: 1294309 | J9: 97019 | K9: =ROUND((40*D9/MAX($D$2:$D$26)+25*E9/MAX($E$2:$E$26)+10*I9/MAX($I$2:$I$26)+10*J9/MAX($J$2:$J$26))/85*100,1) -> 53.6 | L9: =RANK(K9,$K$2:$K$26) -> 6 | M9: 8 | N9: =M9-L9 -> 2 | O9: =IF(L9<=7,1,IF(L9<=12,2,IF(L9<=19,3,4))) -> 1
A10: T09 | B10: MN-WI | C10: Minneapolis, Milwaukee, Saint Paul | D10: =SUMIF('State Market Summary'!$T$4:$T$54,$A10,'State Market Summary'!$B$4:$B$54) -> 758 | E10: =SUMIF('State Market Summary'!$T$4:$T$54,$A10,'State Market Summary'!$C$4:$C$54) -> 176 | F10: 1 | G10: =ROUND(D10/F10,0) -> 758 | H10: =ROUND(E10/F10,1) -> 176 | I10: 1084210 | J10: 81797 | K10: =ROUND((40*D10/MAX($D$2:$D$26)+25*E10/MAX($E$2:$E$26)+10*I10/MAX($I$2:$I$26)+10*J10/MAX($J$2:$J$26))/85*100,1) -> 42.2 | L10: =RANK(K10,$K$2:$K$26) -> 9 | M10: 9 | N10: =M10-L10 -> 0 | O10: =IF(L10<=7,1,IF(L10<=12,2,IF(L10<=19,3,4))) -> 2
A11: T10 | B11: MO-KY | C11: Saint Louis, Lexington, Bowling Green | D11: =SUMIF('State Market Summary'!$T$4:$T$54,$A11,'State Market Summary'!$B$4:$B$54) -> 664 | E11: =SUMIF('State Market Summary'!$T$4:$T$54,$A11,'State Market Summary'!$C$4:$C$54) -> 200 | F11: 1 | G11: =ROUND(D11/F11,0) -> 664 | H11: =ROUND(E11/F11,1) -> 200 | I11: 995376 | J11: 67472 | K11: =ROUND((40*D11/MAX($D$2:$D$26)+25*E11/MAX($E$2:$E$26)+10*I11/MAX($I$2:$I$26)+10*J11/MAX($J$2:$J$26))/85*100,1) -> 38.5 | L11: =RANK(K11,$K$2:$K$26) -> 15 | M11: 10 | N11: =M11-L11 -> -5 | O11: =IF(L11<=7,1,IF(L11<=12,2,IF(L11<=19,3,4))) -> 3
A12: T11 | B12: GA | C12: Atlanta, Augusta, Gainesville | D12: =SUMIF('State Market Summary'!$T$4:$T$54,$A12,'State Market Summary'!$B$4:$B$54) -> 683 | E12: =SUMIF('State Market Summary'!$T$4:$T$54,$A12,'State Market Summary'!$C$4:$C$54) -> 220 | F12: 1 | G12: =ROUND(D12/F12,0) -> 683 | H12: =ROUND(E12/F12,1) -> 220 | I12: 1070611 | J12: 75694 | K12: =ROUND((40*D12/MAX($D$2:$D$26)+25*E12/MAX($E$2:$E$26)+10*I12/MAX($I$2:$I$26)+10*J12/MAX($J$2:$J$26))/85*100,1) -> 41.2 | L12: =RANK(K12,$K$2:$K$26) -> 13 | M12: 11 | N12: =M12-L12 -> -2 | O12: =IF(L12<=7,1,IF(L12<=12,2,IF(L12<=19,3,4))) -> 3
A13: T12 | B13: WA-OR-AK | C13: Portland, Seattle, Anchorage | D13: =SUMIF('State Market Summary'!$T$4:$T$54,$A13,'State Market Summary'!$B$4:$B$54) -> 734 | E13: =SUMIF('State Market Summary'!$T$4:$T$54,$A13,'State Market Summary'!$C$4:$C$54) -> 225 | F13: 1 | G13: =ROUND(D13/F13,0) -> 734 | H13: =ROUND(E13/F13,1) -> 225 | I13: 1119028 | J13: 90198 | K13: =ROUND((40*D13/MAX($D$2:$D$26)+25*E13/MAX($E$2:$E$26)+10*I13/MAX($I$2:$I$26)+10*J13/MAX($J$2:$J$26))/85*100,1) -> 44.7 | L13: =RANK(K13,$K$2:$K$26) -> 7 | M13: 12 | N13: =M13-L13 -> 5 | O13: =IF(L13<=7,1,IF(L13<=12,2,IF(L13<=19,3,4))) -> 1
... A26: T25 | B26: SC | C26: Greenville, Florence, Spartanburg | D26: =SUMIF('State Market Summary'!$T$4:$T$54,$A26,'State Market Summary'!$B$4:$B$54) -> 364 | E26: =SUMIF('State Market Summary'!$T$4:$T$54,$A26,'State Market Summary'!$C$4:$C$54) -> 97 | F26: 1 | G26: =ROUND(D26/F26,0) -> 364 | H26: =ROUND(E26/F26,1) -> 97 | I26: 473826 | J26: 65973 | K26: =ROUND((40*D26/MAX($D$2:$D$26)+25*E26/MAX($E$2:$E$26)+10*I26/MAX($I$2:$I$26)+10*J26/MAX($J$2:$J$26))/85*100,1) -> 23.8 | L26: =RANK(K26,$K$2:$K$26) -> 25 | M26: 25 | N26: =M26-L26 -> 0 | O26: =IF(L26<=7,1,IF(L26<=12,2,IF(L26<=19,3,4))) -> 4
A27: TOTAL | D27: =SUM(D2:D26) -> 18405 | E27: =SUM(E2:E26) -> 5862 | F27: =SUM(F2:F26) -> 28 | G27: =ROUND(D27/F27,0) -> 657 | H27: =ROUND(E27/F27,1) -> 209.4 | I27: =SUM(I2:I26) -> 30870179
A29: HARD CAP: 28 reps. The Reps column (blue) carries v3's original Territory Plan allocation (TX 3, CA-HI 2, all others 1 = 28) and is adjustable — per-rep loads, Score, Rank, and Hiring Wave figures recalculate; keep the column total at 28. Per-rep loads against the ALL-MD universe (18,405) average ~657 MDs/rep — use with the >=10 / >=20 tiers on State Market Summary as a prioritization model. Women 25-44 and Wtd Income carried from v3 unchanged (blue = input). Score v4 weights: All MDs 47.06% / All Clinics 29.41% / Women 25-44 11.76% / Income 11.76% (see Read Me).

Sheet Hiring Waves
A1: Wave | B1: Territories Staffed (v4 score order) | C1: Reps Added | D1: Cumulative Reps | E1: Rationale
A2: Wave 1 | B2: T02 CA-HI; T01 TX; T03 NY; T06 PA-NJ; T05 FL; T08 MA-CT-NH-ME-VT-RI; T12 WA-OR-AK | C2: =SUMIF('Territory Plan'!$O$2:$O$26,1,'Territory Plan'!$F$2:$F$26) -> 10 | D2: =SUM($C$2:$C2) -> 10 | E2: Highest v4 opportunity; staff first
A3: Wave 2 | B3: T17 IL; T09 MN-WI; T04 OH; T07 MI; T13 NC | C3: =SUMIF('Territory Plan'!$O$2:$O$26,2,'Territory Plan'!$F$2:$F$26) -> 5 | D3: =SUM($C$2:$C3) -> 15 | E3: Second tier
A4: Wave 3 | B4: T11 GA; T15 AZ-NV-ID-MT; T10 MO-KY; T16 CO-UT; T14 KS-OK-NE-NM; T22 MD-WV-DE-DC; T21 VA | C4: =SUMIF('Territory Plan'!$O$2:$O$26,3,'Territory Plan'!$F$2:$F$26) -> 7 | D4: =SUM($C$2:$C4) -> 22 | E4: Regional completion
A5: Wave 4 | B5: T19 LA-AR; T18 AL-MS; T20 IN; T23 TN; T24 IA-SD-ND-WY; T25 SC | C5: =SUMIF('Territory Plan'!$O$2:$O$26,4,'Territory Plan'!$F$2:$F$26) -> 6 | D5: =SUM($C$2:$C5) -> 28 | E5: Full national at the 28 cap
A7: CAVEAT: rankings are pure opportunity, not mandate-adjusted. Northeast (incl. mandate states) remains in early waves under v3 weights. Verify the current mandate list (Phase 2) and re-sequence before committing hires.
A8: v4 notes: waves re-ranked by v4 score (18 of 25 rankings changed vs v3); wave sizes kept at v3's 7/5/7/6 territories. Rep counts use the hard 28-cap allocation from the original (v3) Territory Plan — TX 3, CA-HI 2, all others 1. Cumulative total = 28.

Sheet Kathy - ALL Universe
E1: Kathy - ALL Universe: all counts sum Waterfall A rev1 labeled columns only (via State Market Summary). Reps (J, blue) = the original Territory Plan 28-rep allocation (TX 3, CA-HI 2, others 1; hard cap 28) — overwrite freely, keep total 28; per-rep loads, Academic Share, Score, and Rank recalculate.
J2: Weights: | K2: 20% | L2: 60% | N2: 10% | O2: 10% | P2: 0%
E3: Territory | F3: All MDs | G3: All Clinics | H3: All Academic/Group MDs | I3: All Academic/Group Clinics | J3: Reps | K3: All MDs/Rep | L3: All Clinics/Rep | M3: Academic Share | N3: Women 25-44 | O3: Median Income | P3: Education | Q3: Score | R3: Rank
E4: T01 TX | F4: =SUMIF('State Market Summary'!$T$4:$T$54,"T01",'State Market Summary'!$B$4:$B$54) -> 1660 | G4: =SUMIF('State Market Summary'!$T$4:$T$54,"T01",'State Market Summary'!$C$4:$C$54) -> 540 | H4: =SUMIF('State Market Summary'!$T$4:$T$54,"T01",'State Market Summary'!$N$4:$N$54) -> 585 | I4: =SUMIF('State Market Summary'!$T$4:$T$54,"T01",'State Market Summary'!$O$4:$O$54) -> 127 | J4: 3 | K4: =ROUND(F4/J4,0) -> 553 | L4: =ROUND(G4/J4,1) -> 180 | M4: =H4/F4 -> 0.35240964 | N4: 3090173 | O4: 78473 | P4: 31.7 | Q4: =ROUND((20*100*(K4-MIN($K$4:$K$28))/(MAX($K$4:$K$28)-MIN($K$4:$K$28))+60*100*(L4-MIN($L$4:$L$28))/(MAX($L$4:$L$28)-MIN($L$4:$L$28))+10*100*(N4-MIN($N$4:$N$28))/(MAX($N$4:$N$28)-MIN($N$4:$N$28))+10*100*(O4-MIN($O$4:$O$28))/(MAX($O$4:$O$28)-MIN($O$4:$O$28)))/100,1) -> 34.4 | R4: =RANK(Q4,$Q$4:$Q$28) -> 11
E5: T02 CA-HI | F5: =SUMIF('State Market Summary'!$T$4:$T$54,"T02",'State Market Summary'!$B$4:$B$54) -> 1579 | G5: =SUMIF('State Market Summary'!$T$4:$T$54,"T02",'State Market Summary'!$C$4:$C$54) -> 688 | H5: =SUMIF('State Market Summary'!$T$4:$T$54,"T02",'State Market Summary'!$N$4:$N$54) -> 857 | I5: =SUMIF('State Market Summary'!$T$4:$T$54,"T02",'State Market Summary'!$O$4:$O$54) -> 267 | J5: 2 | K5: =ROUND(F5/J5,0) -> 790 | L5: =ROUND(G5/J5,1) -> 344 | M5: =H5/F5 -> 0.54274858 | N5: 3819366 | O5: 97969 | P5: 34.9 | Q5: =ROUND((20*100*(K5-MIN($K$4:$K$28))/(MAX($K$4:$K$28)-MIN($K$4:$K$28))+60*100*(L5-MIN($L$4:$L$28))/(MAX($L$4:$L$28)-MIN($L$4:$L$28))+10*100*(N5-MIN($N$4:$N$28))/(MAX($N$4:$N$28)-MIN($N$4:$N$28))+10*100*(O5-MIN($O$4:$O$28))/(MAX($O$4:$O$28)-MIN($O$4:$O$28)))/100,1) -> 80 | R5: =RANK(Q5,$Q$4:$Q$28) -> 2
E6: T03 NY | F6: =SUMIF('State Market Summary'!$T$4:$T$54,"T03",'State Market Summary'!$B$4:$B$54) -> 1030 | G6: =SUMIF('State Market Summary'!$T$4:$T$54,"T03",'State Market Summary'!$C$4:$C$54) -> 404 | H6: =SUMIF('State Market Summary'!$T$4:$T$54,"T03",'State Market Summary'!$N$4:$N$54) -> 414 | I6: =SUMIF('State Market Summary'!$T$4:$T$54,"T03",'State Market Summary'!$O$4:$O$54) -> 149 | J6: 1 | K6: =ROUND(F6/J6,0) -> 1030 | L6: =ROUND(G6/J6,1) -> 404 | M6: =H6/F6 -> 0.40194175 | N6: 1726412 | O6: 89542 | P6: 38.3 | Q6: =ROUND((20*100*(K6-MIN($K$4:$K$28))/(MAX($K$4:$K$28)-MIN($K$4:$K$28))+60*100*(L6-MIN($L$4:$L$28))/(MAX($L$4:$L$28)-MIN($L$4:$L$28))+10*100*(N6-MIN($N$4:$N$28))/(MAX($N$4:$N$28)-MIN($N$4:$N$28))+10*100*(O6-MIN($O$4:$O$28))/(MAX($O$4:$O$28)-MIN($O$4:$O$28)))/100,1) -> 89.5 | R6: =RANK(Q6,$Q$4:$Q$28) -> 1
E7: T04 OH | F7: =SUMIF('State Market Summary'!$T$4:$T$54,"T04",'State Market Summary'!$B$4:$B$54) -> 795 | G7: =SUMIF('State Market Summary'!$T$4:$T$54,"T04",'State Market Summary'!$C$4:$C$54) -> 178 | H7: =SUMIF('State Market Summary'!$T$4:$T$54,"T04",'State Market Summary'!$N$4:$N$54) -> 347 | I7: =SUMIF('State Market Summary'!$T$4:$T$54,"T04",'State Market Summary'!$O$4:$O$54) -> 74 | J7: 1 | K7: =ROUND(F7/J7,0) -> 795 | L7: =ROUND(G7/J7,1) -> 178 | M7: =H7/F7 -> 0.43647799 | N7: 1089150 | O7: 71229 | P7: 30.4 | Q7: =ROUND((20*100*(K7-MIN($K$4:$K$28))/(MAX($K$4:$K$28)-MIN($K$4:$K$28))+60*100*(L7-MIN($L$4:$L$28))/(MAX($L$4:$L$28)-MIN($L$4:$L$28))+10*100*(N7-MIN($N$4:$N$28))/(MAX($N$4:$N$28)-MIN($N$4:$N$28))+10*100*(O7-MIN($O$4:$O$28))/(MAX($O$4:$O$28)-MIN($O$4:$O$28)))/100,1) -> 32.5 | R7: =RANK(Q7,$Q$4:$Q$28) -> 13
E8: T05 FL | F8: =SUMIF('State Market Summary'!$T$4:$T$54,"T05",'State Market Summary'!$B$4:$B$54) -> 1107 | G8: =SUMIF('State Market Summary'!$T$4:$T$54,"T05",'State Market Summary'!$C$4:$C$54) -> 273 | H8: =SUMIF('State Market Summary'!$T$4:$T$54,"T05",'State Market Summary'!$N$4:$N$54) -> 278 | I8: =SUMIF('State Market Summary'!$T$4:$T$54,"T05",'State Market Summary'!$O$4:$O$54) -> 120 | J8: 1 | K8: =ROUND(F8/J8,0) -> 1107 | L8: =ROUND(G8/J8,1) -> 273 | M8: =H8/F8 -> 0.25112918 | N8: 1780020 | O8: 71602 | P8: 32.2 | Q8: =ROUND((20*100*(K8-MIN($K$4:$K$28))/(MAX($K$4:$K$28)-MIN($K$4:$K$28))+60*100*(L8-MIN($L$4:$L$28))/(MAX($L$4:$L$28)-MIN($L$4:$L$28))+10*100*(N8-MIN($N$4:$N$28))/(MAX($N$4:$N$28)-MIN($N$4:$N$28))+10*100*(O8-MIN($O$4:$O$28))/(MAX($O$4:$O$28)-MIN($O$4:$O$28)))/100,1) -> 61.4 | R8: =RANK(Q8,$Q$4:$Q$28) -> 5
E9: T06 PA-NJ | F9: =SUMIF('State Market Summary'!$T$4:$T$54,"T06",'State Market Summary'!$B$4:$B$54) -> 1035 | G9: =SUMIF('State Market Summary'!$T$4:$T$54,"T06",'State Market Summary'!$C$4:$C$54) -> 338 | H9: =SUMIF('State Market Summary'!$T$4:$T$54,"T06",'State Market Summary'!$N$4:$N$54) -> 442 | I9: =SUMIF('State Market Summary'!$T$4:$T$54,"T06",'State Market Summary'!$O$4:$O$54) -> 115 | J9: 1 | K9: =ROUND(F9/J9,0) -> 1035 | L9: =ROUND(G9/J9,1) -> 338 | M9: =H9/F9 -> 0.42705314 | N9: 1985432 | O9: 89604 | P9: 37.1 | Q9: =ROUND((20*100*(K9-MIN($K$4:$K$28))/(MAX($K$4:$K$28)-MIN($K$4:$K$28))+60*100*(L9-MIN($L$4:$L$28))/(MAX($L$4:$L$28)-MIN($L$4:$L$28))+10*100*(N9-MIN($N$4:$N$28))/(MAX($N$4:$N$28)-MIN($N$4:$N$28))+10*100*(O9-MIN($O$4:$O$28))/(MAX($O$4:$O$28)-MIN($O$4:$O$28)))/100,1) -> 77.5 | R9: =RANK(Q9,$Q$4:$Q$28) -> 3
E10: T07 MI | F10: =SUMIF('State Market Summary'!$T$4:$T$54,"T07",'State Market Summary'!$B$4:$B$54) -> 746 | G10: =SUMIF('State Market Summary'!$T$4:$T$54,"T07",'State Market Summary'!$C$4:$C$54) -> 207 | H10: =SUMIF('State Market Summary'!$T$4:$T$54,"T07",'State Market Summary'!$N$4:$N$54) -> 441 | I10: =SUMIF('State Market Summary'!$T$4:$T$54,"T07",'State Market Summary'!$O$4:$O$54) -> 96 | J10: 1 | K10: =ROUND(F10/J10,0) -> 746 | L10: =ROUND(G10/J10,1) -> 207 | M10: =H10/F10 -> 0.59115282 | N10: 910821 | O10: 72965 | P10: 31.3 | Q10: =ROUND((20*100*(K10-MIN($K$4:$K$28))/(MAX($K$4:$K$28)-MIN($K$4:$K$28))+60*100*(L10-MIN($L$4:$L$28))/(MAX($L$4:$L$28)-MIN($L$4:$L$28))+10*100*(N10-MIN($N$4:$N$28))/(MAX($N$4:$N$28)-MIN($N$4:$N$28))+10*100*(O10-MIN($O$4:$O$28))/(MAX($O$4:$O$28)-MIN($O$4:$O$28)))/100,1) -> 36.8 | R10: =RANK(Q10,$Q$4:$Q$28) -> 10
E11: T08 MA-CT-NH-ME-VT-RI | F11: =SUMIF('State Market Summary'!$T$4:$T$54,"T08",'State Market Summary'!$B$4:$B$54) -> 918 | G11: =SUMIF('State Market Summary'!$T$4:$T$54,"T08",'State Market Summary'!$C$4:$C$54) -> 279 | H11: =SUMIF('State Market Summary'!$T$4:$T$54,"T08",'State Market Summary'!$N$4:$N$54) -> 430 | I11: =SUMIF('State Market Summary'!$T$4:$T$54,"T08",'State Market Summary'!$O$4:$O$54) -> 135 | J11: 1 | K11: =ROUND(F11/J11,0) -> 918 | L11: =ROUND(G11/J11,1) -> 279 | M11: =H11/F11 -> 0.46840959 | N11: 1294309 | O11: 97019 | P11: 42.3 | Q11: =ROUND((20*100*(K11-MIN($K$4:$K$28))/(MAX($K$4:$K$28)-MIN($K$4:$K$28))+60*100*(L11-MIN($L$4:$L$28))/(MAX($L$4:$L$28)-MIN($L$4:$L$28))+10*100*(N11-MIN($N$4:$N$28))/(MAX($N$4:$N$28)-MIN($N$4:$N$28))+10*100*(O11-MIN($O$4:$O$28))/(MAX($O$4:$O$28)-MIN($O$4:$O$28)))/100,1) -> 62.8 | R11: =RANK(Q11,$Q$4:$Q$28) -> 4
E12: T09 MN-WI | F12: =SUMIF('State Market Summary'!$T$4:$T$54,"T09",'State Market Summary'!$B$4:$B$54) -> 758 | G12: =SUMIF('State Market Summary'!$T$4:$T$54,"T09",'State Market Summary'!$C$4:$C$54) -> 176 | H12: =SUMIF('State Market Summary'!$T$4:$T$54,"T09",'State Market Summary'!$N$4:$N$54) -> 373 | I12: =SUMIF('State Market Summary'!$T$4:$T$54,"T09",'State Market Summary'!$O$4:$O$54) -> 87 | J12: 1 | K12: =ROUND(F12/J12,0) -> 758 | L12: =ROUND(G12/J12,1) -> 176 | M12: =H12/F12 -> 0.49208443 | N12: 1084210 | O12: 81797 | P12: 35.1 | Q12: =ROUND((20*100*(K12-MIN($K$4:$K$28))/(MAX($K$4:$K$28)-MIN($K$4:$K$28))+60*100*(L12-MIN($L$4:$L$28))/(MAX($L$4:$L$28)-MIN($L$4:$L$28))+10*100*(N12-MIN($N$4:$N$28))/(MAX($N$4:$N$28)-MIN($N$4:$N$28))+10*100*(O12-MIN($O$4:$O$28))/(MAX($O$4:$O$28)-MIN($O$4:$O$28)))/100,1) -> 33.9 | R12: =RANK(Q12,$Q$4:$Q$28) -> 12
E13: T10 MO-KY | F13: =SUMIF('State Market Summary'!$T$4:$T$54,"T10",'State Market Summary'!$B$4:$B$54) -> 664 | G13: =SUMIF('State Market Summary'!$T$4:$T$54,"T10",'State Market Summary'!$C$4:$C$54) -> 200 | H13: =SUMIF('State Market Summary'!$T$4:$T$54,"T10",'State Market Summary'!$N$4:$N$54) -> 274 | I13: =SUMIF('State Market Summary'!$T$4:$T$54,"T10",'State Market Summary'!$O$4:$O$54) -> 81 | J13: 1 | K13: =ROUND(F13/J13,0) -> 664 | L13: =ROUND(G13/J13,1) -> 200 | M13: =H13/F13 -> 0.4126506 | N13: 995376 | O13: 67472 | P13: 29.2 | Q13: =ROUND((20*100*(K13-MIN($K$4:$K$28))/(MAX($K$4:$K$28)-MIN($K$4:$K$28))+60*100*(L13-MIN($L$4:$L$28))/(MAX($L$4:$L$28)-MIN($L$4:$L$28))+10*100*(N13-MIN($N$4:$N$28))/(MAX($N$4:$N$28)-MIN($N$4:$N$28))+10*100*(O13-MIN($O$4:$O$28))/(MAX($O$4:$O$28)-MIN($O$4:$O$28)))/100,1) -> 32.1 | R13: =RANK(Q13,$Q$4:$Q$28) -> 15
E14: T11 GA | F14: =SUMIF('State Market Summary'!$T$4:$T$54,"T11",'State Market Summary'!$B$4:$B$54) -> 683 | G14: =SUMIF('State Market Summary'!$T$4:$T$54,"T11",'State Market Summary'!$C$4:$C$54) -> 220 | H14: =SUMIF('State Market Summary'!$T$4:$T$54,"T11",'State Market Summary'!$N$4:$N$54) -> 122 | I14: =SUMIF('State Market Summary'!$T$4:$T$54,"T11",'State Market Summary'!$O$4:$O$54) -> 49 | J14: 1 | K14: =ROUND(F14/J14,0) -> 683 | L14: =ROUND(G14/J14,1) -> 220 | M14: =H14/F14 -> 0.17862372 | N14: 1070611 | O14: 75694 | P14: 33.4 | Q14: =ROUND((20*100*(K14-MIN($K$4:$K$28))/(MAX($K$4:$K$28)-MIN($K$4:$K$28))+60*100*(L14-MIN($L$4:$L$28))/(MAX($L$4:$L$28)-MIN($L$4:$L$28))+10*100*(N14-MIN($N$4:$N$28))/(MAX($N$4:$N$28)-MIN($N$4:$N$28))+10*100*(O14-MIN($O$4:$O$28))/(MAX($O$4:$O$28)-MIN($O$4:$O$28)))/100,1) -> 38.9 | R14: =RANK(Q14,$Q$4:$Q$28) -> 9
E15: T12 WA-OR-AK | F15: =SUMIF('State Market Summary'!$T$4:$T$54,"T12",'State Market Summary'!$B$4:$B$54) -> 734 | G15: =SUMIF('State Market Summary'!$T$4:$T$54,"T12",'State Market Summary'!$C$4:$C$54) -> 225 | H15: =SUMIF('State Market Summary'!$T$4:$T$54,"T12",'State Market Summary'!$N$4:$N$54) -> 383 | I15: =SUMIF('State Market Summary'!$T$4:$T$54,"T12",'State Market Summary'!$O$4:$O$54) -> 112 | J15: 1 | K15: =ROUND(F15/J15,0) -> 734 | L15: =ROUND(G15/J15,1) -> 225 | M15: =H15/F15 -> 0.52179837 | N15: 1119028 | O15: 90198 | P15: 36.3 | Q15: =ROUND((20*100*(K15-MIN($K$4:$K$28))/(MAX($K$4:$K$28)-MIN($K$4:$K$28))+60*100*(L15-MIN($L$4:$L$28))/(MAX($L$4:$L$28)-MIN($L$4:$L$28))+10*100*(N15-MIN($N$4:$N$28))/(MAX($N$4:$N$28)-MIN($N$4:$N$28))+10*100*(O15-MIN($O$4:$O$28))/(MAX($O$4:$O$28)-MIN($O$4:$O$28)))/100,1) -> 45.1 | R15: =RANK(Q15,$Q$4:$Q$28) -> 7
E16: T13 NC | F16: =SUMIF('State Market Summary'!$T$4:$T$54,"T13",'State Market Summary'!$B$4:$B$54) -> 779 | G16: =SUMIF('State Market Summary'!$T$4:$T$54,"T13",'State Market Summary'!$C$4:$C$54) -> 181 | H16: =SUMIF('State Market Summary'!$T$4:$T$54,"T13",'State Market Summary'!$N$4:$N$54) -> 343 | I16: =SUMIF('State Market Summary'!$T$4:$T$54,"T13",'State Market Summary'!$O$4:$O$54) -> 72 | J16: 1 | K16: =ROUND(F16/J16,0) -> 779 | L16: =ROUND(G16/J16,1) -> 181 | M16: =H16/F16 -> 0.44030809 | N16: 975468 | O16: 70436 | P16: 34 | Q16: =ROUND((20*100*(K16-MIN($K$4:$K$28))/(MAX($K$4:$K$28)-MIN($K$4:$K$28))+60*100*(L16-MIN($L$4:$L$28))/(MAX($L$4:$L$28)-MIN($L$4:$L$28))+10*100*(N16-MIN($N$4:$N$28))/(MAX($N$4:$N$28)-MIN($N$4:$N$28))+10*100*(O16-MIN($O$4:$O$28))/(MAX($O$4:$O$28)-MIN($O$4:$O$28)))/100,1) -> 32.1 | R16: =RANK(Q16,$Q$4:$Q$28) -> 15
E17: T14 KS-OK-NE-NM | F17: =SUMIF('State Market Summary'!$T$4:$T$54,"T14",'State Market Summary'!$B$4:$B$54) -> 597 | G17: =SUMIF('State Market Summary'!$T$4:$T$54,"T14",'State Market Summary'!$C$4:$C$54) -> 198 | H17: =SUMIF('State Market Summary'!$T$4:$T$54,"T14",'State Market Summary'!$N$4:$N$54) -> 205 | I17: =SUMIF('State Market Summary'!$T$4:$T$54,"T14",'State Market Summary'!$O$4:$O$54) -> 79 | J17: 1 | K17: =ROUND(F17/J17,0) -> 597 | L17: =ROUND(G17/J17,1) -> 198 | M17: =H17/F17 -> 0.34338358 | N17: 1097099 | O17: 68598 | P17: 30.5 | Q17: =ROUND((20*100*(K17-MIN($K$4:$K$28))/(MAX($K$4:$K$28)-MIN($K$4:$K$28))+60*100*(L17-MIN($L$4:$L$28))/(MAX($L$4:$L$28)-MIN($L$4:$L$28))+10*100*(N17-MIN($N$4:$N$28))/(MAX($N$4:$N$28)-MIN($N$4:$N$28))+10*100*(O17-MIN($O$4:$O$28))/(MAX($O$4:$O$28)-MIN($O$4:$O$28)))/100,1) -> 30.5 | R17: =RANK(Q17,$Q$4:$Q$28) -> 17
E18: T15 AZ-NV-ID-MT | F18: =SUMIF('State Market Summary'!$T$4:$T$54,"T15",'State Market Summary'!$B$4:$B$54) -> 594 | G18: =SUMIF('State Market Summary'!$T$4:$T$54,"T15",'State Market Summary'!$C$4:$C$54) -> 231 | H18: =SUMIF('State Market Summary'!$T$4:$T$54,"T15",'State Market Summary'!$N$4:$N$54) -> 199 | I18: =SUMIF('State Market Summary'!$T$4:$T$54,"T15",'State Market Summary'!$O$4:$O$54) -> 83 | J18: 1 | K18: =ROUND(F18/J18,0) -> 594 | L18: =ROUND(G18/J18,1) -> 231 | M18: =H18/F18 -> 0.33501684 | N18: 1257732 | O18: 75026 | P18: 30 | Q18: =ROUND((20*100*(K18-MIN($K$4:$K$28))/(MAX($K$4:$K$28)-MIN($K$4:$K$28))+60*100*(L18-MIN($L$4:$L$28))/(MAX($L$4:$L$28)-MIN($L$4:$L$28))+10*100*(N18-MIN($N$4:$N$28))/(MAX($N$4:$N$28)-MIN($N$4:$N$28))+10*100*(O18-MIN($O$4:$O$28))/(MAX($O$4:$O$28)-MIN($O$4:$O$28)))/100,1) -> 39.1 | R18: =RANK(Q18,$Q$4:$Q$28) -> 8
E19: T16 CO-UT | F19: =SUMIF('State Market Summary'!$T$4:$T$54,"T16",'State Market Summary'!$B$4:$B$54) -> 550 | G19: =SUMIF('State Market Summary'!$T$4:$T$54,"T16",'State Market Summary'!$C$4:$C$54) -> 185 | H19: =SUMIF('State Market Summary'!$T$4:$T$54,"T16",'State Market Summary'!$N$4:$N$54) -> 202 | I19: =SUMIF('State Market Summary'!$T$4:$T$54,"T16",'State Market Summary'!$O$4:$O$54) -> 79 | J19: 1 | K19: =ROUND(F19/J19,0) -> 550 | L19: =ROUND(G19/J19,1) -> 185 | M19: =H19/F19 -> 0.36727273 | N19: 915366 | O19: 91862 | P19: 40.7 | Q19: =ROUND((20*100*(K19-MIN($K$4:$K$28))/(MAX($K$4:$K$28)-MIN($K$4:$K$28))+60*100*(L19-MIN($L$4:$L$28))/(MAX($L$4:$L$28)-MIN($L$4:$L$28))+10*100*(N19-MIN($N$4:$N$28))/(MAX($N$4:$N$28)-MIN($N$4:$N$28))+10*100*(O19-MIN($O$4:$O$28))/(MAX($O$4:$O$28)-MIN($O$4:$O$28)))/100,1) -> 32.3 | R19: =RANK(Q19,$Q$4:$Q$28) -> 14
E20: T17 IL | F20: =SUMIF('State Market Summary'!$T$4:$T$54,"T17",'State Market Summary'!$B$4:$B$54) -> 718 | G20: =SUMIF('State Market Summary'!$T$4:$T$54,"T17",'State Market Summary'!$C$4:$C$54) -> 241 | H20: =SUMIF('State Market Summary'!$T$4:$T$54,"T17",'State Market Summary'!$N$4:$N$54) -> 348 | I20: =SUMIF('State Market Summary'!$T$4:$T$54,"T17",'State Market Summary'!$O$4:$O$54) -> 81 | J20: 1 | K20: =ROUND(F20/J20,0) -> 718 | L20: =ROUND(G20/J20,1) -> 241 | M20: =H20/F20 -> 0.48467967 | N20: 1191812 | O20: 84033 | P20: 36.3 | Q20: =ROUND((20*100*(K20-MIN($K$4:$K$28))/(MAX($K$4:$K$28)-MIN($K$4:$K$28))+60*100*(L20-MIN($L$4:$L$28))/(MAX($L$4:$L$28)-MIN($L$4:$L$28))+10*100*(N20-MIN($N$4:$N$28))/(MAX($N$4:$N$28)-MIN($N$4:$N$28))+10*100*(O20-MIN($O$4:$O$28))/(MAX($O$4:$O$28)-MIN($O$4:$O$28)))/100,1) -> 46.4 | R20: =RANK(Q20,$Q$4:$Q$28) -> 6
E21: T18 AL-MS | F21: =SUMIF('State Market Summary'!$T$4:$T$54,"T18",'State Market Summary'!$B$4:$B$54) -> 462 | G21: =SUMIF('State Market Summary'!$T$4:$T$54,"T18",'State Market Summary'!$C$4:$C$54) -> 174 | H21: =SUMIF('State Market Summary'!$T$4:$T$54,"T18",'State Market Summary'!$N$4:$N$54) -> 89 | I21: =SUMIF('State Market Summary'!$T$4:$T$54,"T18",'State Market Summary'!$O$4:$O$54) -> 37 | J21: 1 | K21: =ROUND(F21/J21,0) -> 462 | L21: =ROUND(G21/J21,1) -> 174 | M21: =H21/F21 -> 0.19264069 | N21: 772926 | O21: 60048 | P21: 26.1 | Q21: =ROUND((20*100*(K21-MIN($K$4:$K$28))/(MAX($K$4:$K$28)-MIN($K$4:$K$28))+60*100*(L21-MIN($L$4:$L$28))/(MAX($L$4:$L$28)-MIN($L$4:$L$28))+10*100*(N21-MIN($N$4:$N$28))/(MAX($N$4:$N$28)-MIN($N$4:$N$28))+10*100*(O21-MIN($O$4:$O$28))/(MAX($O$4:$O$28)-MIN($O$4:$O$28)))/100,1) -> 19.1 | R21: =RANK(Q21,$Q$4:$Q$28) -> 21
E22: T19 LA-AR | F22: =SUMIF('State Market Summary'!$T$4:$T$54,"T19",'State Market Summary'!$B$4:$B$54) -> 477 | G22: =SUMIF('State Market Summary'!$T$4:$T$54,"T19",'State Market Summary'!$C$4:$C$54) -> 176 | H22: =SUMIF('State Market Summary'!$T$4:$T$54,"T19",'State Market Summary'!$N$4:$N$54) -> 201 | I22: =SUMIF('State Market Summary'!$T$4:$T$54,"T19",'State Market Summary'!$O$4:$O$54) -> 69 | J22: 1 | K22: =ROUND(F22/J22,0) -> 477 | L22: =ROUND(G22/J22,1) -> 176 | M22: =H22/F22 -> 0.42138365 | N22: 739152 | O22: 59699 | P22: 25.6 | Q22: =ROUND((20*100*(K22-MIN($K$4:$K$28))/(MAX($K$4:$K$28)-MIN($K$4:$K$28))+60*100*(L22-MIN($L$4:$L$28))/(MAX($L$4:$L$28)-MIN($L$4:$L$28))+10*100*(N22-MIN($N$4:$N$28))/(MAX($N$4:$N$28)-MIN($N$4:$N$28))+10*100*(O22-MIN($O$4:$O$28))/(MAX($O$4:$O$28)-MIN($O$4:$O$28)))/100,1) -> 19.7 | R22: =RANK(Q22,$Q$4:$Q$28) -> 20
E23: T20 IN | F23: =SUMIF('State Market Summary'!$T$4:$T$54,"T20",'State Market Summary'!$B$4:$B$54) -> 442 | G23: =SUMIF('State Market Summary'!$T$4:$T$54,"T20",'State Market Summary'!$C$4:$C$54) -> 111 | H23: =SUMIF('State Market Summary'!$T$4:$T$54,"T20",'State Market Summary'!$N$4:$N$54) -> 173 | I23: =SUMIF('State Market Summary'!$T$4:$T$54,"T20",'State Market Summary'!$O$4:$O$54) -> 48 | J23: 1 | K23: =ROUND(F23/J23,0) -> 442 | L23: =ROUND(G23/J23,1) -> 111 | M23: =H23/F23 -> 0.39140271 | N23: 663850 | O23: 70489 | P23: 28.5 | Q23: =ROUND((20*100*(K23-MIN($K$4:$K$28))/(MAX($K$4:$K$28)-MIN($K$4:$K$28))+60*100*(L23-MIN($L$4:$L$28))/(MAX($L$4:$L$28)-MIN($L$4:$L$28))+10*100*(N23-MIN($N$4:$N$28))/(MAX($N$4:$N$28)-MIN($N$4:$N$28))+10*100*(O23-MIN($O$4:$O$28))/(MAX($O$4:$O$28)-MIN($O$4:$O$28)))/100,1) -> 8.7 | R23: =RANK(Q23,$Q$4:$Q$28) -> 23
E24: T21 VA | F24: =SUMIF('State Market Summary'!$T$4:$T$54,"T21",'State Market Summary'!$B$4:$B$54) -> 478 | G24: =SUMIF('State Market Summary'!$T$4:$T$54,"T21",'State Market Summary'!$C$4:$C$54) -> 137 | H24: =SUMIF('State Market Summary'!$T$4:$T$54,"T21",'State Market Summary'!$N$4:$N$54) -> 241 | I24: =SUMIF('State Market Summary'!$T$4:$T$54,"T21",'State Market Summary'!$O$4:$O$54) -> 49 | J24: 1 | K24: =ROUND(F24/J24,0) -> 478 | L24: =ROUND(G24/J24,1) -> 137 | M24: =H24/F24 -> 0.5041841 | N24: 794462 | O24: 97828 | P24: 41.2 | Q24: =ROUND((20*100*(K24-MIN($K$4:$K$28))/(MAX($K$4:$K$28)-MIN($K$4:$K$28))+60*100*(L24-MIN($L$4:$L$28))/(MAX($L$4:$L$28)-MIN($L$4:$L$28))+10*100*(N24-MIN($N$4:$N$28))/(MAX($N$4:$N$28)-MIN($N$4:$N$28))+10*100*(O24-MIN($O$4:$O$28))/(MAX($O$4:$O$28)-MIN($O$4:$O$28)))/100,1) -> 22.2 | R24: =RANK(Q24,$Q$4:$Q$28) -> 19
E25: T22 MD-WV-DE-DC | F25: =SUMIF('State Market Summary'!$T$4:$T$54,"T22",'State Market Summary'!$B$4:$B$54) -> 489 | G25: =SUMIF('State Market Summary'!$T$4:$T$54,"T22",'State Market Summary'!$C$4:$C$54) -> 168 | H25: =SUMIF('State Market Summary'!$T$4:$T$54,"T22",'State Market Summary'!$N$4:$N$54) -> 199 | I25: =SUMIF('State Market Summary'!$T$4:$T$54,"T22",'State Market Summary'!$O$4:$O$54) -> 78 | J25: 1 | K25: =ROUND(F25/J25,0) -> 489 | L25: =ROUND(G25/J25,1) -> 168 | M25: =H25/F25 -> 0.40695297 | N25: 860620 | O25: 94114 | P25: 39.1 | Q25: =ROUND((20*100*(K25-MIN($K$4:$K$28))/(MAX($K$4:$K$28)-MIN($K$4:$K$28))+60*100*(L25-MIN($L$4:$L$28))/(MAX($L$4:$L$28)-MIN($L$4:$L$28))+10*100*(N25-MIN($N$4:$N$28))/(MAX($N$4:$N$28)-MIN($N$4:$N$28))+10*100*(O25-MIN($O$4:$O$28))/(MAX($O$4:$O$28)-MIN($O$4:$O$28)))/100,1) -> 27.8 | R25: =RANK(Q25,$Q$4:$Q$28) -> 18
E26: T23 TN | F26: =SUMIF('State Market Summary'!$T$4:$T$54,"T23",'State Market Summary'!$B$4:$B$54) -> 401 | G26: =SUMIF('State Market Summary'!$T$4:$T$54,"T23",'State Market Summary'!$C$4:$C$54) -> 124 | H26: =SUMIF('State Market Summary'!$T$4:$T$54,"T23",'State Market Summary'!$N$4:$N$54) -> 159 | I26: =SUMIF('State Market Summary'!$T$4:$T$54,"T23",'State Market Summary'!$O$4:$O$54) -> 44 | J26: 1 | K26: =ROUND(F26/J26,0) -> 401 | L26: =ROUND(G26/J26,1) -> 124 | M26: =H26/F26 -> 0.39650873 | N26: 634143 | O26: 67976 | P26: 29.8 | Q26: =ROUND((20*100*(K26-MIN($K$4:$K$28))/(MAX($K$4:$K$28)-MIN($K$4:$K$28))+60*100*(L26-MIN($L$4:$L$28))/(MAX($L$4:$L$28)-MIN($L$4:$L$28))+10*100*(N26-MIN($N$4:$N$28))/(MAX($N$4:$N$28)-MIN($N$4:$N$28))+10*100*(O26-MIN($O$4:$O$28))/(MAX($O$4:$O$28)-MIN($O$4:$O$28)))/100,1) -> 9.4 | R26: =RANK(Q26,$Q$4:$Q$28) -> 22
E27: T24 IA-SD-ND-WY | F27: =SUMIF('State Market Summary'!$T$4:$T$54,"T24",'State Market Summary'!$B$4:$B$54) -> 345 | G27: =SUMIF('State Market Summary'!$T$4:$T$54,"T24",'State Market Summary'!$C$4:$C$54) -> 111 | H27: =SUMIF('State Market Summary'!$T$4:$T$54,"T24",'State Market Summary'!$N$4:$N$54) -> 168 | I27: =SUMIF('State Market Summary'!$T$4:$T$54,"T24",'State Market Summary'!$O$4:$O$54) -> 55 | J27: 1 | K27: =ROUND(F27/J27,0) -> 345 | L27: =ROUND(G27/J27,1) -> 111 | M27: =H27/F27 -> 0.48695652 | N27: 528815 | O27: 73245 | P27: 30.7 | Q27: =ROUND((20*100*(K27-MIN($K$4:$K$28))/(MAX($K$4:$K$28)-MIN($K$4:$K$28))+60*100*(L27-MIN($L$4:$L$28))/(MAX($L$4:$L$28)-MIN($L$4:$L$28))+10*100*(N27-MIN($N$4:$N$28))/(MAX($N$4:$N$28)-MIN($N$4:$N$28))+10*100*(O27-MIN($O$4:$O$28))/(MAX($O$4:$O$28)-MIN($O$4:$O$28)))/100,1) -> 6.4 | R27: =RANK(Q27,$Q$4:$Q$28) -> 24
E28: T25 SC | F28: =SUMIF('State Market Summary'!$T$4:$T$54,"T25",'State Market Summary'!$B$4:$B$54) -> 364 | G28: =SUMIF('State Market Summary'!$T$4:$T$54,"T25",'State Market Summary'!$C$4:$C$54) -> 97 | H28: =SUMIF('State Market Summary'!$T$4:$T$54,"T25",'State Market Summary'!$N$4:$N$54) -> 157 | I28: =SUMIF('State Market Summary'!$T$4:$T$54,"T25",'State Market Summary'!$O$4:$O$54) -> 29 | J28: 1 | K28: =ROUND(F28/J28,0) -> 364 | L28: =ROUND(G28/J28,1) -> 97 | M28: =H28/F28 -> 0.43131868 | N28: 473826 | O28: 65973 | P28: 30.6 | Q28: =ROUND((20*100*(K28-MIN($K$4:$K$28))/(MAX($K$4:$K$28)-MIN($K$4:$K$28))+60*100*(L28-MIN($L$4:$L$28))/(MAX($L$4:$L$28)-MIN($L$4:$L$28))+10*100*(N28-MIN($N$4:$N$28))/(MAX($N$4:$N$28)-MIN($N$4:$N$28))+10*100*(O28-MIN($O$4:$O$28))/(MAX($O$4:$O$28)-MIN($O$4:$O$28)))/100,1) -> 2.1 | R28: =RANK(Q28,$Q$4:$Q$28) -> 25
E29: TOTAL | F29: =SUM(F4:F28) -> 18405 | G29: =SUM(G4:G28) -> 5862 | H29: =SUM(H4:H28) -> 7630 | I29: =SUM(I4:I28) -> 2215 | J29: =SUM(J4:J28) -> 28 | K29: =ROUND(F29/J29,0) -> 657 | L29: =ROUND(G29/J29,1) -> 209.4 | M29: =H29/F29 -> 0.41456126
E31: Score = min-max normalization (0-100 across territories) of All MDs/Rep (20%), All Clinics/Rep (60%), Women 25-44 (10%), Median Income (10%); Education 0% (displayed, not scored). Blue cells are inputs: Reps carries the original Territory Plan 28-rep allocation (hard cap); Women 25-44 / Median Income / Education carried from v3 Territory Plan unchanged (v3 census data-quality caveats apply). All MD/clinic counts (F-I) are sums of member states from Waterfall A rev1 labeled columns only; stray unlabeled scratch columns in the source were excluded.
